<?xml version="1.0" encoding="UTF-8" standalone="no"?>
<scene depth="1" desc="" eventsnippetid="38" extheight="672" extwidth="864" extx="-32" exty="-32" format="3.5.0-beta2" gravx="-0.0" gravy="0.0" height="608" id="4" name="No Tut" revision="" savecount="0" tiled="1" tileh="32" tilew="32" type="standard" width="800">
    <layers>
        <color-bg blue="0" green="0" red="0"/>
        <layer blendMode="normal" color="100,168,234" id="0" locked="false" name="Layer 0" opacity="100" order="0" scrollFactorX="1.0" scrollFactorY="1.0" visible="true"/>
    </layers>
    <joints/>
    <regions/>
    <terrainRegions/>
    <actors/>
    <snippets/>
    <terrain/>
    <atlases members="" retainAtlases="true"/>
</scene>
