<?xml version="1.0" encoding="UTF-8" standalone="no"?>
<pack>
    <snippet attachedevent="true" class="scripts.SceneEvents_0" classname="scripts.SceneEvents_0" desc="Scene Specific Events" description="Scene Specific Events" design="true" drawOrder="0" id="0" name="SceneEvents_0" oid="-1" package="scripts." sceneid="0" shared="false" type="scene">
        <blocks/>
        <events/>
    </snippet>
    <snippet actorid="2" attachedevent="true" class="scripts.ActorEvents_2" classname="scripts.ActorEvents_2" desc="Actor Specific Events" description="Actor Specific Events" design="true" drawOrder="0" id="1" name="ActorEvents_2" oid="-1" package="scripts." shared="false" type="actor">
        <blocks/>
        <events/>
    </snippet>
    <snippet attachedevent="false" class="scripts.Design_2_2_PlayerBehave" classname="scripts.Design_2_2_PlayerBehave" desc="" description="" design="true" drawOrder="0" id="2" name="Player Behave" oid="-1" package="scripts" shared="false" type="actor">
        <actor default="thisactor" defaultValue="thisactor" desc="" dropdown="" fullname="Actor" hidden="true" id="2147483647" name="actor" order="0"/>
        <number default="0" defaultValue="0" desc="" dropdown="" fullname="InvFrames" hidden="false" id="1" name="_InvFrames" order="1"/>
        <number default="30.0" defaultValue="30.0" desc="" dropdown="" fullname="InvFramesMax" hidden="false" id="2" name="_InvFramesMax" order="2"/>
        <blocks/>
        <events>
            <event displayName="Actor - Group" enabled="true" id="1" name="event-collide-actortogroup" order="1" repeats="true"/>
            <event displayName="Actor - Group" enabled="true" id="2" name="event-collide-actortogroup" order="2" repeats="true"/>
            <event displayName="Updating" enabled="true" id="3" name="step" order="3" repeats="true"/>
        </events>
    </snippet>
    <snippet attachedevent="false" class="scripts.Design_3_3_AttackManager" classname="scripts.Design_3_3_AttackManager" desc="" description="" design="true" drawOrder="0" id="3" name="Attack Manager" oid="-1" package="scripts" shared="false" type="actor">
        <actor default="thisactor" defaultValue="thisactor" desc="" dropdown="" fullname="Actor" hidden="true" id="2147483647" name="actor" order="0"/>
        <boolean default="false" defaultValue="false" desc="" dropdown="" fullname="Attacking" hidden="false" id="1" name="_Attacking" order="1"/>
        <number default="0" defaultValue="0" desc="" dropdown="" fullname="MultiCounter" hidden="false" id="2" name="_MultiCounter" order="2"/>
        <number default="0" defaultValue="0" desc="" dropdown="" fullname="AttackAngle" hidden="false" id="3" name="_AttackAngle" order="3"/>
        <number default="0" defaultValue="0" desc="" dropdown="" fullname="AttackWidth" hidden="false" id="4" name="_AttackWidth" order="4"/>
        <number default="0" defaultValue="0" desc="" dropdown="" fullname="AttackAngleBase" hidden="false" id="5" name="_AttackAngleBase" order="5"/>
        <number default="90" defaultValue="90" desc="" dropdown="" fullname="AttackWidthMax" hidden="false" id="6" name="_AttackWidthMax" order="6"/>
        <number default="5.0" defaultValue="5.0" desc="" dropdown="" fullname="AttackWidthInc" hidden="false" id="7" name="_AttackWidthInc" order="7"/>
        <number default="0" defaultValue="0" desc="" dropdown="" fullname="Cooldown" hidden="false" id="8" name="_Cooldown" order="8"/>
        <number default="0" defaultValue="0" desc="" dropdown="" fullname="CooldownTimer" hidden="false" id="9" name="_CooldownTimer" order="9"/>
        <number default="50.0" defaultValue="50.0" desc="" dropdown="" fullname="BaseCooldown" hidden="false" id="10" name="_BaseCooldown" order="10"/>
        <blocks/>
        <events>
            <event displayName="Updating" enabled="true" id="1" name="step" order="1" repeats="true"/>
            <event displayName="Click" enabled="true" id="2" name="event-mouse-press-release" order="2" repeats="true"/>
            <event displayName="Custom Event" enabled="true" id="3" name="event-custom" order="3" repeats="true"/>
            <event displayName="Custom Event" enabled="true" id="4" name="event-custom" order="4" repeats="true"/>
            <event displayName="Keyboard" enabled="true" id="5" name="event-key-press-release" order="5" repeats="true"/>
        </events>
    </snippet>
    <snippet attachedevent="false" class="scripts.Design_4_4_SceneBehave" classname="scripts.Design_4_4_SceneBehave" desc="" description="" design="true" drawOrder="0" id="4" name="Scene Behave" oid="-1" package="scripts" shared="false" type="scene">
        <list default="list" defaultValue="list" desc="" dropdown="" fullname="Items Table" hidden="true" id="1" name="_ItemsTable" order="0">
            <text order="0" value="Boots,0,5"/>
            <text order="1" value="Quick Boots,1,1.25"/>
            <text order="2" value="Spiked Gloves,2,3"/>
            <text order="3" value="Strength Charm,3,1.5"/>
            <text order="4" value="Swift Gloves,4,.75"/>
            <text order="5" value="Plate Armor,5,1"/>
            <text order="6" value="Mechanical Glove,4,.8"/>
            <text order="7" value="Multi Charm,7,0"/>
            <text order="8" value="Shortsword,2,2"/>
            <text order="9" value="Shade,7,1"/>
            <text order="10" value="Beartrap,10,4,2,5"/>
            <text order="11" value="Helmet,11,0"/>
        </list>
        <list default="list" defaultValue="list" desc="" dropdown="" fullname="TempList" hidden="false" id="2" name="_TempList" order="8"/>
        <number default="0.0" defaultValue="0.0" desc="" dropdown="" fullname="TempNum" hidden="false" id="3" name="_TempNum" order="9"/>
        <image default="" defaultValue="" desc="" dropdown="" fullname="ItemsImg" hidden="false" id="4" name="_ItemsImg" order="6"/>
        <image-instance default="" defaultValue="" desc="" dropdown="" fullname="ItemsImgInst" hidden="false" id="5" name="_ItemsImgInst" order="7"/>
        <image default="" defaultValue="" desc="" dropdown="" fullname="DescImg" hidden="false" id="6" name="_DescImg" order="2"/>
        <image-instance default="" defaultValue="" desc="" dropdown="" fullname="DescImgInst" hidden="false" id="7" name="_DescImgInst" order="3"/>
        <image default="" defaultValue="" desc="" dropdown="" fullname="WoundImg" hidden="false" id="8" name="_WoundImg" order="4"/>
        <image-instance default="" defaultValue="" desc="" dropdown="" fullname="WoundImgInst" hidden="false" id="9" name="_WoundImgInst" order="5"/>
        <number default="0" defaultValue="0" desc="" dropdown="" fullname="XMouseTile" hidden="false" id="10" name="_XMouseTile" order="10"/>
        <number default="0" defaultValue="0" desc="" dropdown="" fullname="YMouseTile" hidden="false" id="11" name="_YMouseTile" order="11"/>
        <boolean default="false" defaultValue="false" desc="" dropdown="" fullname="ActiveHighlight" hidden="false" id="12" name="_ActiveHighlight" order="12"/>
        <image default="" defaultValue="" desc="" dropdown="" fullname="HighlightImg" hidden="false" id="13" name="_HighlightImg" order="13"/>
        <image-instance default="" defaultValue="" desc="" dropdown="" fullname="HighlightImgInst" hidden="false" id="14" name="_HighlightImgInst" order="14"/>
        <number default="0.0" defaultValue="0.0" desc="" dropdown="" fullname="XMouseHighlight" hidden="false" id="15" name="_XMouseHighlight" order="15"/>
        <number default="0" defaultValue="0" desc="" dropdown="" fullname="YMouseHighlight" hidden="false" id="16" name="_YMouseHighlight" order="16"/>
        <boolean default="false" defaultValue="false" desc="" dropdown="" fullname="ItemsInPosition" hidden="false" id="17" name="_ItemsInPosition" order="17"/>
        <boolean default="false" defaultValue="false" desc="" dropdown="" fullname="AttemptingItemCheck" hidden="false" id="18" name="_AttemptingItemCheck" order="18"/>
        <number default="0" defaultValue="0" desc="" dropdown="" fullname="ItemCheckTimer" hidden="false" id="19" name="_ItemCheckTimer" order="19"/>
        <text default="" defaultValue="" desc="" dropdown="" fullname="TempText" hidden="false" id="20" name="_TempText" order="20"/>
        <boolean default="false" defaultValue="false" desc="" dropdown="" fullname="Sacrificing" hidden="false" id="21" name="_Sacrificing" order="21"/>
        <shader default="" defaultValue="" desc="" dropdown="" fullname="SacrificeShader" hidden="false" id="22" name="_SacrificeShader" order="22"/>
        <boolean default="false" defaultValue="false" desc="" dropdown="" fullname="RoomInProgress" hidden="false" id="23" name="_RoomInProgress" order="23"/>
        <list default="list" defaultValue="list" desc="" dropdown="" fullname="RoomTypes" hidden="true" id="24" name="_RoomTypes" order="24">
            <text order="0" value="0,0,0,0,0,1"/>
            <text order="1" value="1,0,4"/>
            <text order="2" value="0,1,5,0,1,6,1,0,4"/>
            <text order="3" value="0,0,0,0,0,1,0,0,2,0,0,3"/>
        </list>
        <number default="0" defaultValue="0" desc="" dropdown="" fullname="Enemies Alive" hidden="false" id="25" name="_EnemiesAlive" order="1"/>
        <list default="list" defaultValue="list" desc="" dropdown="" fullname="SpawnX" hidden="true" id="26" name="_SpawnX" order="27">
            <number order="0" value="100.0"/>
            <number order="1" value="700.0"/>
            <number order="2" value="700.0"/>
            <number order="3" value="100.0"/>
            <number order="4" value="400.0"/>
            <number order="5" value="250.0"/>
            <number order="6" value="550.0"/>
        </list>
        <list default="list" defaultValue="list" desc="" dropdown="" fullname="Spawn Y" hidden="true" id="27" name="_SpawnY" order="28">
            <number order="0" value="100.0"/>
            <number order="1" value="100.0"/>
            <number order="2" value="500.0"/>
            <number order="3" value="500.0"/>
            <number order="4" value="300.0"/>
            <number order="5" value="200.0"/>
            <number order="6" value="200.0"/>
        </list>
        <number default="0.0" defaultValue="0.0" desc="" dropdown="" fullname="RoomNumType" hidden="false" id="28" name="_RoomNumType" order="25"/>
        <number default="3" defaultValue="3" desc="" dropdown="" fullname="EnemyTypes" hidden="true" id="29" name="_EnemyTypes" order="26"/>
        <blocks>
            <receiver blockID="4" id="1"/>
            <receiver blockID="5" id="2"/>
            <receiver blockID="6" id="3"/>
            <receiver blockID="7" id="4"/>
            <receiver blockID="8" id="5"/>
            <receiver blockID="9" id="6"/>
            <receiver blockID="10" id="7"/>
            <receiver blockID="11" id="8"/>
            <receiver blockID="12" id="9"/>
            <receiver blockID="13" id="10"/>
            <receiver blockID="14" id="11"/>
            <receiver blockID="15" id="12"/>
            <receiver blockID="16" id="13"/>
            <receiver blockID="17" id="14"/>
            <receiver blockID="18" id="15"/>
            <receiver blockID="19" id="16"/>
            <receiver blockID="20" id="17"/>
            <receiver blockID="21" id="18"/>
            <receiver blockID="22" id="19"/>
            <receiver blockID="23" id="20"/>
            <receiver blockID="24" id="21"/>
            <receiver blockID="25" id="22"/>
            <receiver blockID="26" id="23"/>
            <receiver blockID="34" id="24"/>
            <receiver blockID="35" id="25"/>
            <receiver blockID="37" id="26"/>
            <receiver blockID="38" id="27"/>
            <receiver blockID="39" id="28"/>
            <receiver blockID="40" id="29"/>
        </blocks>
        <events>
            <event displayName="Custom Block" enabled="true" id="1" name="event-custom-block" order="15" repeats="true"/>
            <event displayName="Custom Block" enabled="true" id="2" name="event-custom-block" order="16" repeats="true"/>
            <event displayName="Custom Block" enabled="true" id="3" name="event-custom-block" order="17" repeats="true"/>
            <event displayName="Custom Block" enabled="true" id="4" name="event-custom-block" order="18" repeats="true"/>
            <event displayName="Custom Block" enabled="true" id="5" name="event-custom-block" order="19" repeats="true"/>
            <event displayName="Custom Block" enabled="true" id="6" name="event-custom-block" order="20" repeats="true"/>
            <event displayName="Custom Block" enabled="true" id="7" name="event-custom-block" order="22" repeats="true"/>
            <event displayName="Custom Block" enabled="true" id="8" name="event-custom-block" order="23" repeats="true"/>
            <event displayName="Custom Block" enabled="true" id="9" name="event-custom-block" order="24" repeats="true"/>
            <event displayName="Custom Block" enabled="true" id="10" name="event-custom-block" order="25" repeats="true"/>
            <event displayName="Custom Block" enabled="true" id="11" name="event-custom-block" order="26" repeats="true"/>
            <event displayName="Custom Block" enabled="true" id="12" name="event-custom-block" order="27" repeats="true"/>
            <event displayName="Custom Block" enabled="true" id="13" name="event-custom-block" order="28" repeats="true"/>
            <event displayName="Custom Block" enabled="true" id="14" name="event-custom-block" order="29" repeats="true"/>
            <event displayName="Custom Block" enabled="true" id="15" name="event-custom-block" order="30" repeats="true"/>
            <event displayName="Custom Block" enabled="true" id="16" name="event-custom-block" order="31" repeats="true"/>
            <event displayName="Custom Block" enabled="true" id="17" name="event-custom-block" order="32" repeats="true"/>
            <event displayName="Custom Block" enabled="true" id="18" name="event-custom-block" order="33" repeats="true"/>
            <event displayName="Custom Block" enabled="true" id="19" name="event-custom-block" order="34" repeats="true"/>
            <event displayName="Custom Block" enabled="true" id="20" name="event-custom-block" order="35" repeats="true"/>
            <event displayName="Custom Block" enabled="true" id="21" name="event-custom-block" order="36" repeats="true"/>
            <event displayName="Custom Block" enabled="true" id="22" name="event-custom-block" order="37" repeats="true"/>
            <event displayName="Custom Block" enabled="true" id="23" name="event-custom-block" order="21" repeats="true"/>
            <event displayName="Drawing" enabled="true" id="24" name="draw" order="14" repeats="true"/>
            <event displayName="Created" enabled="true" id="25" name="init" order="1" repeats="true"/>
            <event displayName="Custom Event" enabled="true" id="26" name="event-custom" order="8" repeats="true"/>
            <event displayName="Custom Block" enabled="true" id="27" name="event-custom-block" order="38" repeats="true"/>
            <event displayName="Keyboard" enabled="true" id="28" name="event-key-press-release" order="9" repeats="true"/>
            <event displayName="Paused" enabled="false" id="29" name="event-paused" order="12" repeats="true"/>
            <event displayName="Paused" enabled="false" id="30" name="event-paused" order="13" repeats="true"/>
            <event displayName="Custom Event" enabled="true" id="31" name="event-custom" order="10" repeats="true"/>
            <event displayName="Custom Event" enabled="true" id="32" name="event-custom" order="11" repeats="true"/>
            <event displayName="Updating" enabled="true" id="33" name="step" order="5" repeats="true"/>
            <event displayName="Custom Event" enabled="true" id="34" name="event-custom" order="6" repeats="true"/>
            <event displayName="Custom Event" enabled="true" id="35" name="event-custom" order="7" repeats="true"/>
            <event displayName="Custom Block" enabled="true" id="36" name="event-custom-block" order="39" repeats="true"/>
            <event displayName="Custom Event" enabled="true" id="37" name="event-custom" order="40" repeats="true"/>
            <event displayName="Custom Block" enabled="true" id="38" name="event-custom-block" order="42" repeats="true"/>
            <event displayName="Custom Block" enabled="true" id="39" name="event-custom-block" order="43" repeats="true"/>
            <event displayName="Custom Block" enabled="true" id="40" name="event-custom-block" order="44" repeats="true"/>
            <event displayName="Custom Block" enabled="true" id="41" name="event-custom-block" order="45" repeats="true"/>
            <event displayName="Custom Event" enabled="true" id="42" name="event-custom" order="46" repeats="true"/>
            <event displayName="Custom Event" enabled="true" id="43" name="event-custom" order="41" repeats="true"/>
            <event displayName="Custom Event" enabled="true" id="44" name="event-custom" order="4" repeats="true"/>
            <event displayName="Custom Event" enabled="true" id="45" name="event-custom" order="2" repeats="true"/>
            <event displayName="Custom Event" enabled="true" id="46" name="event-custom" order="3" repeats="true"/>
        </events>
    </snippet>
    <snippet attachedevent="false" class="scripts.Design_5_5_PlayerMove" classname="scripts.Design_5_5_PlayerMove" desc="" description="" design="true" drawOrder="0" id="5" name="Player Move" oid="-1" package="scripts" shared="false" type="actor">
        <actor default="thisactor" defaultValue="thisactor" desc="" dropdown="" fullname="Actor" hidden="true" id="2147483647" name="actor" order="0"/>
        <number default="0" defaultValue="0" desc="" dropdown="" fullname="XDir" hidden="false" id="1" name="_XDir" order="1"/>
        <number default="0" defaultValue="0" desc="" dropdown="" fullname="YDir" hidden="false" id="2" name="_YDir" order="2"/>
        <number default="0" defaultValue="0" desc="" dropdown="" fullname="BaseSpeed" hidden="false" id="3" name="_BaseSpeed" order="3"/>
        <boolean default="false" defaultValue="false" desc="" dropdown="" fullname="CanMove" hidden="false" id="4" name="_CanMove" order="4"/>
        <number default="0" defaultValue="0" desc="" dropdown="" fullname="DashCooldown" hidden="false" id="5" name="_DashCooldown" order="5"/>
        <number default="100" defaultValue="100" desc="" dropdown="" fullname="DashCooldownMax" hidden="false" id="6" name="_DashCooldownMax" order="6"/>
        <boolean default="false" defaultValue="false" desc="" dropdown="" fullname="dashing" hidden="false" id="7" name="_dashing" order="7"/>
        <blocks/>
        <events>
            <event displayName="Updating" enabled="true" id="1" name="step" order="1" repeats="true"/>
            <event displayName="Custom Event" enabled="true" id="2" name="event-custom" order="2" repeats="true"/>
            <event displayName="Custom Event" enabled="true" id="3" name="event-custom" order="3" repeats="true"/>
        </events>
    </snippet>
    <snippet attachedevent="true" class="scripts.SceneEvents_1" classname="scripts.SceneEvents_1" desc="Scene Specific Events" description="Scene Specific Events" design="true" drawOrder="0" id="6" name="SceneEvents_1" oid="-1" package="scripts." sceneid="1" shared="false" type="scene">
        <blocks/>
        <events/>
    </snippet>
    <snippet attachedevent="false" class="scripts.Design_7_7_InitializeGame" classname="scripts.Design_7_7_InitializeGame" desc="" description="" design="true" drawOrder="0" id="7" name="Initialize Game" oid="-1" package="scripts" shared="false" type="scene">
        <blocks/>
        <events>
            <event displayName="Any Key" enabled="true" id="2" name="event-key-any-press-release" order="3" repeats="true"/>
            <event displayName="Click" enabled="true" id="3" name="event-mouse-press-release" order="5" repeats="true"/>
            <event displayName="Custom Event" enabled="true" id="4" name="event-custom" order="6" repeats="true"/>
            <event displayName="Created" enabled="true" id="5" name="init" order="2" repeats="true"/>
            <event displayName="Drawing" enabled="true" id="6" name="draw" order="4" repeats="true"/>
        </events>
    </snippet>
    <snippet actorid="30" attachedevent="true" class="scripts.ActorEvents_30" classname="scripts.ActorEvents_30" desc="Actor Specific Events" description="Actor Specific Events" design="true" drawOrder="0" id="8" name="ActorEvents_30" oid="-1" package="scripts." shared="false" type="actor">
        <blocks/>
        <events/>
    </snippet>
    <snippet attachedevent="false" class="scripts.Design_9_9_BulletBehave" classname="scripts.Design_9_9_BulletBehave" desc="" description="" design="true" drawOrder="0" id="9" name="Bullet Behave" oid="-1" package="scripts" shared="false" type="actor">
        <actor default="thisactor" defaultValue="thisactor" desc="" dropdown="" fullname="Actor" hidden="true" id="2147483647" name="actor" order="0"/>
        <number default="0" defaultValue="0" desc="" dropdown="" fullname="Damage" hidden="false" id="1" name="_Damage" order="1"/>
        <number default="1" defaultValue="1" desc="" dropdown="" fullname="DamageModi" hidden="false" id="2" name="_DamageModi" order="2"/>
        <number default="0.0" defaultValue="0.0" desc="" dropdown="" fullname="DamageFlat" hidden="false" id="3" name="_DamageFlat" order="3"/>
        <blocks/>
        <events>
            <event displayName="Actor - Any" enabled="true" id="1" name="collide" order="3" repeats="true"/>
            <event displayName="Created" enabled="true" id="2" name="init" order="1" repeats="true"/>
            <event displayName="Custom Event" enabled="true" id="3" name="event-custom" order="2" repeats="true"/>
            <event displayName="Actor - Group" enabled="true" id="4" name="event-collide-actortogroup" order="4" repeats="true"/>
        </events>
    </snippet>
    <snippet actorid="32" attachedevent="true" class="scripts.ActorEvents_32" classname="scripts.ActorEvents_32" desc="Actor Specific Events" description="Actor Specific Events" design="true" drawOrder="0" id="10" name="ActorEvents_32" oid="-1" package="scripts." shared="false" type="actor">
        <blocks/>
        <events/>
    </snippet>
    <snippet attachedevent="false" class="scripts.Design_11_11_ItemPickupBehave" classname="scripts.Design_11_11_ItemPickupBehave" desc="" description="" design="true" drawOrder="0" id="11" name="ItemPickup Behave" oid="-1" package="scripts" shared="false" type="actor">
        <actor default="thisactor" defaultValue="thisactor" desc="" dropdown="" fullname="Actor" hidden="true" id="2147483647" name="actor" order="0"/>
        <boolean default="false" defaultValue="false" desc="" dropdown="" fullname="Colliding" hidden="false" id="1" name="_Colliding" order="1"/>
        <number default="0" defaultValue="0" desc="" dropdown="" fullname="ItemNum" hidden="false" id="2" name="_ItemNum" order="2"/>
        <image default="" defaultValue="" desc="" dropdown="" fullname="Img" hidden="false" id="3" name="_Img" order="3"/>
        <image-instance default="" defaultValue="" desc="" dropdown="" fullname="ImgInst" hidden="false" id="4" name="_ImgInst" order="4"/>
        <blocks/>
        <events>
            <event displayName="Actor - Group" enabled="true" id="1" name="event-collide-actortogroup" order="3" repeats="true"/>
            <event displayName="Drawing" enabled="true" id="2" name="draw" order="5" repeats="true"/>
            <event displayName="Keyboard" enabled="true" id="3" name="event-key-press-release" order="4" repeats="true"/>
            <event displayName="Created" enabled="true" id="4" name="init" order="1" repeats="true"/>
            <event displayName="Custom Event" enabled="true" id="5" name="event-custom" order="2" repeats="true"/>
        </events>
    </snippet>
    <snippet actorid="41" attachedevent="true" class="scripts.ActorEvents_41" classname="scripts.ActorEvents_41" desc="Actor Specific Events" description="Actor Specific Events" design="true" drawOrder="0" id="12" name="ActorEvents_41" oid="-1" package="scripts." shared="false" type="actor">
        <blocks/>
        <events/>
    </snippet>
    <snippet attachedevent="false" class="scripts.Design_13_13_SacrificeBehave" classname="scripts.Design_13_13_SacrificeBehave" desc="" description="" design="true" drawOrder="0" id="13" name="Sacrifice Behave" oid="-1" package="scripts" shared="false" type="actor">
        <actor default="thisactor" defaultValue="thisactor" desc="" dropdown="" fullname="Actor" hidden="true" id="2147483647" name="actor" order="0"/>
        <image default="" defaultValue="" desc="" dropdown="" fullname="Img" hidden="false" id="1" name="_Img" order="1"/>
        <image-instance default="" defaultValue="" desc="" dropdown="" fullname="ImgInst" hidden="false" id="2" name="_ImgInst" order="2"/>
        <number default="0" defaultValue="0" desc="" dropdown="" fullname="Num" hidden="false" id="3" name="_Num" order="3"/>
        <number default="0" defaultValue="0" desc="" dropdown="" fullname="Modi" hidden="false" id="4" name="_Modi" order="4"/>
        <shader default="" defaultValue="" desc="" dropdown="" fullname="SacrificeShader" hidden="false" id="5" name="_SacrificeShader" order="5"/>
        <boolean default="false" defaultValue="false" desc="" dropdown="" fullname="Left" hidden="false" id="6" name="_Left" order="6"/>
        <actor default="" defaultValue="" desc="" dropdown="" fullname="self" hidden="false" id="7" name="_self" order="7"/>
        <boolean default="false" defaultValue="false" desc="" dropdown="" fullname="decided" hidden="false" id="8" name="_decided" order="8"/>
        <text default="" defaultValue="" desc="" dropdown="" fullname="Text" hidden="false" id="9" name="_Text" order="9"/>
        <blocks/>
        <events>
            <event displayName="Created" enabled="true" id="1" name="init" order="1" repeats="true"/>
            <event displayName="Custom Event" enabled="true" id="2" name="event-custom" order="2" repeats="true"/>
            <event displayName="Custom Event" enabled="true" id="3" name="event-custom" order="3" repeats="true"/>
            <event displayName="Custom Event" enabled="true" id="4" name="event-custom" order="6" repeats="true"/>
            <event displayName="On Actor" enabled="true" id="5" name="event-mouse-enter-exit-actor" order="7" repeats="true"/>
            <event displayName="On Actor" enabled="true" id="6" name="event-mouse-enter-exit-actor" order="4" repeats="true"/>
            <event displayName="On Actor" enabled="true" id="7" name="event-mouse-enter-exit-actor" order="5" repeats="true"/>
        </events>
    </snippet>
    <snippet attachedevent="false" class="scripts.Design_14_14_ChestBehave" classname="scripts.Design_14_14_ChestBehave" desc="" description="" design="true" drawOrder="0" id="14" name="Chest Behave" oid="-1" package="scripts" shared="false" type="actor">
        <actor default="thisactor" defaultValue="thisactor" desc="" dropdown="" fullname="Actor" hidden="true" id="2147483647" name="actor" order="0"/>
        <boolean default="false" defaultValue="false" desc="" dropdown="" fullname="Colliding" hidden="false" id="1" name="_Colliding" order="1"/>
        <boolean default="true" defaultValue="true" desc="" dropdown="" fullname="closed" hidden="false" id="2" name="_closed" order="2"/>
        <blocks/>
        <events>
            <event displayName="Drawing" enabled="true" id="1" name="draw" order="1" repeats="true"/>
            <event displayName="Actor - Group" enabled="true" id="2" name="event-collide-actortogroup" order="2" repeats="true"/>
            <event displayName="Keyboard" enabled="true" id="3" name="event-key-press-release" order="3" repeats="true"/>
        </events>
    </snippet>
    <snippet actorid="44" attachedevent="true" class="scripts.ActorEvents_44" classname="scripts.ActorEvents_44" desc="Actor Specific Events" description="Actor Specific Events" design="true" drawOrder="0" id="15" name="ActorEvents_44" oid="-1" package="scripts." shared="false" type="actor">
        <blocks/>
        <events/>
    </snippet>
    <snippet actorid="46" attachedevent="true" class="scripts.ActorEvents_46" classname="scripts.ActorEvents_46" desc="Actor Specific Events" description="Actor Specific Events" design="true" drawOrder="0" id="16" name="ActorEvents_46" oid="-1" package="scripts." shared="false" type="actor">
        <blocks/>
        <events/>
    </snippet>
    <snippet attachedevent="false" class="scripts.Design_17_17_DoorBehave" classname="scripts.Design_17_17_DoorBehave" desc="" description="" design="true" drawOrder="0" id="17" name="Door Behave" oid="-1" package="scripts" shared="false" type="actor">
        <actor default="thisactor" defaultValue="thisactor" desc="" dropdown="" fullname="Actor" hidden="true" id="2147483647" name="actor" order="0"/>
        <number default="0" defaultValue="0" desc="" dropdown="" fullname="XOff" hidden="false" id="1" name="_XOff" order="1"/>
        <number default="0" defaultValue="0" desc="" dropdown="" fullname="YOff" hidden="false" id="2" name="_YOff" order="2"/>
        <number default="0.0" defaultValue="0.0" desc="" dropdown="" fullname="EntryNum" hidden="false" id="3" name="_EntryNum" order="3"/>
        <blocks/>
        <events>
            <event displayName="Created" enabled="true" id="1" name="init" order="1" repeats="true"/>
            <event displayName="Actor - Group" enabled="true" id="2" name="event-collide-actortogroup" order="2" repeats="true"/>
            <event displayName="Custom Event" enabled="true" id="3" name="event-custom" order="3" repeats="true"/>
            <event displayName="Custom Event" enabled="true" id="4" name="event-custom" order="4" repeats="true"/>
        </events>
    </snippet>
    <snippet actorid="48" attachedevent="true" class="scripts.ActorEvents_48" classname="scripts.ActorEvents_48" desc="Actor Specific Events" description="Actor Specific Events" design="true" drawOrder="0" id="18" name="ActorEvents_48" oid="-1" package="scripts." shared="false" type="actor">
        <blocks/>
        <events/>
    </snippet>
    <snippet actorid="50" attachedevent="true" class="scripts.ActorEvents_50" classname="scripts.ActorEvents_50" desc="Actor Specific Events" description="Actor Specific Events" design="true" drawOrder="0" id="19" name="ActorEvents_50" oid="-1" package="scripts." shared="false" type="actor">
        <blocks/>
        <events/>
    </snippet>
    <snippet attachedevent="false" class="scripts.Design_20_20_EnemyBehave" classname="scripts.Design_20_20_EnemyBehave" desc="" description="" design="true" drawOrder="0" id="20" name="Enemy Behave" oid="-1" package="scripts" shared="false" type="actor">
        <actor default="thisactor" defaultValue="thisactor" desc="" dropdown="" fullname="Actor" hidden="true" id="2147483647" name="actor" order="0"/>
        <number default="20" defaultValue="20" desc="" dropdown="" fullname="Health" hidden="false" id="1" name="_Health" order="1"/>
        <number default="20.0" defaultValue="20.0" desc="" dropdown="" fullname="Max Health" hidden="false" id="2" name="_MaxHealth" order="3"/>
        <number default="32" defaultValue="32" desc="" dropdown="" fullname="BarWidth" hidden="false" id="3" name="_BarWidth" order="2"/>
        <blocks/>
        <events>
            <event displayName="Created" enabled="true" id="1" name="init" order="1" repeats="true"/>
            <event displayName="Actor - Group" enabled="true" id="2" name="event-collide-actortogroup" order="2" repeats="true"/>
            <event displayName="Drawing" enabled="true" id="3" name="draw" order="3" repeats="true"/>
        </events>
    </snippet>
    <snippet actorid="52" attachedevent="true" class="scripts.ActorEvents_52" classname="scripts.ActorEvents_52" desc="Actor Specific Events" description="Actor Specific Events" design="true" drawOrder="0" id="21" name="ActorEvents_52" oid="-1" package="scripts." shared="false" type="actor">
        <blocks/>
        <events/>
    </snippet>
    <snippet actorid="54" attachedevent="true" class="scripts.ActorEvents_54" classname="scripts.ActorEvents_54" desc="Actor Specific Events" description="Actor Specific Events" design="true" drawOrder="0" id="22" name="ActorEvents_54" oid="-1" package="scripts." shared="false" type="actor">
        <blocks/>
        <events/>
    </snippet>
    <snippet actorid="56" attachedevent="true" class="scripts.ActorEvents_56" classname="scripts.ActorEvents_56" desc="Actor Specific Events" description="Actor Specific Events" design="true" drawOrder="0" id="23" name="ActorEvents_56" oid="-1" package="scripts." shared="false" type="actor">
        <blocks/>
        <events/>
    </snippet>
    <snippet actorid="58" attachedevent="true" class="scripts.ActorEvents_58" classname="scripts.ActorEvents_58" desc="Actor Specific Events" description="Actor Specific Events" design="true" drawOrder="0" id="24" name="ActorEvents_58" oid="-1" package="scripts." shared="false" type="actor">
        <blocks/>
        <events/>
    </snippet>
    <snippet attachedevent="false" class="scripts.Design_25_25_EnemyBulletBehave" classname="scripts.Design_25_25_EnemyBulletBehave" desc="" description="" design="true" drawOrder="0" id="25" name="Enemy Bullet Behave" oid="-1" package="scripts" shared="false" type="actor">
        <actor default="thisactor" defaultValue="thisactor" desc="" dropdown="" fullname="Actor" hidden="true" id="2147483647" name="actor" order="2147483647"/>
        <blocks/>
        <events>
            <event displayName="Created" enabled="true" id="1" name="init" order="1" repeats="true"/>
            <event displayName="Actor - Group" enabled="true" id="2" name="event-collide-actortogroup" order="2" repeats="true"/>
        </events>
    </snippet>
    <snippet attachedevent="false" class="scripts.Design_26_26_FacePlayer" classname="scripts.Design_26_26_FacePlayer" desc="" description="" design="true" drawOrder="0" id="26" name="Face Player" oid="-1" package="scripts" shared="false" type="actor">
        <actor default="thisactor" defaultValue="thisactor" desc="" dropdown="" fullname="Actor" hidden="true" id="2147483647" name="actor" order="0"/>
        <actor default="" defaultValue="" desc="" dropdown="" fullname="Player" hidden="false" id="1" name="_Player" order="1"/>
        <blocks/>
        <events>
            <event displayName="Updating" enabled="true" id="1" name="step" order="1" repeats="true"/>
            <event displayName="Created" enabled="true" id="2" name="init" order="2" repeats="true"/>
        </events>
    </snippet>
    <snippet attachedevent="false" class="scripts.Design_27_27_ShootEvery" classname="scripts.Design_27_27_ShootEvery" desc="" description="" design="true" drawOrder="0" id="27" name="Shoot Every" oid="-1" package="scripts" shared="false" type="actor">
        <actor default="thisactor" defaultValue="thisactor" desc="" dropdown="" fullname="Actor" hidden="true" id="2147483647" name="actor" order="0"/>
        <number default="150" defaultValue="150" desc="" dropdown="" fullname="CooldownMax" hidden="false" id="1" name="_CooldownMax" order="1"/>
        <number default="0" defaultValue="0" desc="" dropdown="" fullname="Cooldown" hidden="false" id="2" name="_Cooldown" order="3"/>
        <number default="60" defaultValue="60" desc="" dropdown="" fullname="Speed" hidden="false" id="3" name="_Speed" order="2"/>
        <blocks/>
        <events>
            <event displayName="Updating" enabled="true" id="1" name="step" order="2" repeats="true"/>
            <event displayName="Created" enabled="true" id="2" name="init" order="1" repeats="true"/>
        </events>
    </snippet>
    <snippet attachedevent="false" class="scripts.Design_28_28_BossBehave" classname="scripts.Design_28_28_BossBehave" desc="" description="" design="true" drawOrder="0" id="28" name="Boss Behave" oid="-1" package="scripts" shared="false" type="actor">
        <actor default="thisactor" defaultValue="thisactor" desc="" dropdown="" fullname="Actor" hidden="true" id="2147483647" name="actor" order="0"/>
        <number default="0.0" defaultValue="0.0" desc="" dropdown="" fullname="Timer" hidden="false" id="1" name="_Timer" order="1"/>
        <number default="1000.0" defaultValue="1000.0" desc="" dropdown="" fullname="TimerMax" hidden="false" id="2" name="_TimerMax" order="2"/>
        <number default="60.0" defaultValue="60.0" desc="" dropdown="" fullname="Speed" hidden="false" id="3" name="_Speed" order="3"/>
        <number default="30.0" defaultValue="30.0" desc="" dropdown="" fullname="MoveSpeed" hidden="false" id="4" name="_MoveSpeed" order="4"/>
        <blocks/>
        <events>
            <event displayName="Updating" enabled="true" id="1" name="step" order="2" repeats="true"/>
            <event displayName="Created" enabled="true" id="2" name="init" order="1" repeats="true"/>
        </events>
    </snippet>
    <snippet attachedevent="false" class="scripts.Design_29_29_EnemyShootBullet" classname="scripts.Design_29_29_EnemyShootBullet" desc="" description="" design="true" drawOrder="0" id="29" name="Enemy Shoot Bullet" oid="-1" package="scripts" shared="false" type="actor">
        <actor default="thisactor" defaultValue="thisactor" desc="" dropdown="" fullname="Actor" hidden="true" id="2147483647" name="actor" order="0"/>
        <number default="60.0" defaultValue="60.0" desc="" dropdown="" fullname="Speed" hidden="false" id="1" name="_Speed" order="1"/>
        <number default="60" defaultValue="60" desc="" dropdown="" fullname="BaseSpeed" hidden="false" id="2" name="_BaseSpeed" order="2"/>
        <blocks>
            <receiver blockID="61" id="1"/>
        </blocks>
        <events>
            <event displayName="Custom Block" enabled="true" id="1" name="event-custom-block" order="1" repeats="true"/>
        </events>
    </snippet>
    <snippet attachedevent="false" class="scripts.Design_30_30_Moveevery" classname="scripts.Design_30_30_Moveevery" desc="" description="" design="true" drawOrder="0" id="30" name="Move every" oid="-1" package="scripts" shared="false" type="actor">
        <actor default="thisactor" defaultValue="thisactor" desc="" dropdown="" fullname="Actor" hidden="true" id="2147483647" name="actor" order="0"/>
        <number default="100" defaultValue="100" desc="" dropdown="" fullname="CooldownMax" hidden="false" id="1" name="_CooldownMax" order="1"/>
        <number default="0.0" defaultValue="0.0" desc="" dropdown="" fullname="Cooldown" hidden="false" id="2" name="_Cooldown" order="3"/>
        <number default="60.0" defaultValue="60.0" desc="" dropdown="" fullname="Speed" hidden="false" id="3" name="_Speed" order="2"/>
        <number default="30" defaultValue="30" desc="" dropdown="" fullname="MoveSpeed" hidden="false" id="4" name="_MoveSpeed" order="4"/>
        <blocks/>
        <events>
            <event displayName="Updating" enabled="true" id="1" name="step" order="2" repeats="true"/>
            <event displayName="Created" enabled="true" id="2" name="init" order="1" repeats="true"/>
        </events>
    </snippet>
    <snippet actorid="62" attachedevent="true" class="scripts.ActorEvents_62" classname="scripts.ActorEvents_62" desc="Actor Specific Events" description="Actor Specific Events" design="true" drawOrder="0" id="31" name="ActorEvents_62" oid="-1" package="scripts." shared="false" type="actor">
        <blocks/>
        <events/>
    </snippet>
    <snippet attachedevent="false" class="scripts.Design_32_32_MoveeveryConstant" classname="scripts.Design_32_32_MoveeveryConstant" desc="" description="" design="true" drawOrder="0" id="32" name="Move every Constant" oid="-1" package="scripts" shared="false" type="actor">
        <actor default="thisactor" defaultValue="thisactor" desc="" dropdown="" fullname="Actor" hidden="true" id="2147483647" name="actor" order="0"/>
        <number default="100" defaultValue="100" desc="" dropdown="" fullname="CooldownMax" hidden="false" id="1" name="_CooldownMax" order="1"/>
        <number default="0.0" defaultValue="0.0" desc="" dropdown="" fullname="Cooldown" hidden="false" id="2" name="_Cooldown" order="3"/>
        <number default="60.0" defaultValue="60.0" desc="" dropdown="" fullname="Speed" hidden="false" id="3" name="_Speed" order="2"/>
        <number default="30" defaultValue="30" desc="" dropdown="" fullname="MoveSpeed" hidden="false" id="4" name="_MoveSpeed" order="4"/>
        <blocks/>
        <events>
            <event displayName="Updating" enabled="true" id="1" name="step" order="2" repeats="true"/>
            <event displayName="Created" enabled="true" id="2" name="init" order="1" repeats="true"/>
        </events>
    </snippet>
    <snippet actorid="64" attachedevent="true" class="scripts.ActorEvents_64" classname="scripts.ActorEvents_64" desc="Actor Specific Events" description="Actor Specific Events" design="true" drawOrder="0" id="33" name="ActorEvents_64" oid="-1" package="scripts." shared="false" type="actor">
        <blocks/>
        <events/>
    </snippet>
    <snippet attachedevent="true" class="scripts.SceneEvents_2" classname="scripts.SceneEvents_2" desc="Scene Specific Events" description="Scene Specific Events" design="true" drawOrder="0" id="34" name="SceneEvents_2" oid="-1" package="scripts." sceneid="2" shared="false" type="scene">
        <blocks/>
        <events>
            <event displayName="Drawing" enabled="true" id="1" name="draw" order="1" repeats="true"/>
        </events>
    </snippet>
    <snippet attachedevent="false" class="scripts.Design_35_35_SacrificeBehaveKnowledge" classname="scripts.Design_35_35_SacrificeBehaveKnowledge" desc="" description="" design="true" drawOrder="0" id="35" name="Sacrifice Behave Knowledge" oid="-1" package="scripts" shared="false" type="actor">
        <actor default="thisactor" defaultValue="thisactor" desc="" dropdown="" fullname="Actor" hidden="true" id="2147483647" name="actor" order="0"/>
        <image default="" defaultValue="" desc="" dropdown="" fullname="Img" hidden="false" id="1" name="_Img" order="1"/>
        <image-instance default="" defaultValue="" desc="" dropdown="" fullname="ImgInst" hidden="false" id="2" name="_ImgInst" order="2"/>
        <number default="0.0" defaultValue="0.0" desc="" dropdown="" fullname="Num" hidden="false" id="3" name="_Num" order="3"/>
        <number default="0.0" defaultValue="0.0" desc="" dropdown="" fullname="Modi" hidden="false" id="4" name="_Modi" order="4"/>
        <shader default="" defaultValue="" desc="" dropdown="" fullname="SacrificeShader" hidden="false" id="5" name="_SacrificeShader" order="5"/>
        <boolean default="false" defaultValue="false" desc="" dropdown="" fullname="Left" hidden="false" id="6" name="_Left" order="6"/>
        <actor default="" defaultValue="" desc="" dropdown="" fullname="self" hidden="false" id="7" name="_self" order="7"/>
        <boolean default="false" defaultValue="false" desc="" dropdown="" fullname="decided" hidden="false" id="8" name="_decided" order="8"/>
        <text default="" defaultValue="" desc="" dropdown="" fullname="Text" hidden="false" id="9" name="_Text" order="9"/>
        <blocks/>
        <events>
            <event displayName="Created" enabled="true" id="1" name="init" order="1" repeats="true"/>
            <event displayName="Custom Event" enabled="true" id="2" name="event-custom" order="2" repeats="true"/>
            <event displayName="Custom Event" enabled="true" id="3" name="event-custom" order="3" repeats="true"/>
            <event displayName="Custom Event" enabled="true" id="4" name="event-custom" order="6" repeats="true"/>
            <event displayName="On Actor" enabled="true" id="5" name="event-mouse-enter-exit-actor" order="7" repeats="true"/>
            <event displayName="On Actor" enabled="true" id="6" name="event-mouse-enter-exit-actor" order="4" repeats="true"/>
            <event displayName="On Actor" enabled="true" id="7" name="event-mouse-enter-exit-actor" order="5" repeats="true"/>
        </events>
    </snippet>
    <snippet actorid="41" attachedevent="true" class="scripts.ActorEvents_66" classname="scripts.ActorEvents_66" desc="Actor Specific Events" description="Actor Specific Events" design="true" drawOrder="0" id="36" name="ActorEvents_66" oid="-1" package="scripts." shared="false" type="actor">
        <blocks/>
        <events/>
    </snippet>
    <snippet attachedevent="true" class="scripts.SceneEvents_3" classname="scripts.SceneEvents_3" desc="Scene Specific Events" description="Scene Specific Events" design="true" drawOrder="0" id="37" name="SceneEvents_3" oid="-1" package="scripts." sceneid="3" shared="false" type="scene">
        <blocks/>
        <events>
            <event displayName="Drawing" enabled="true" id="1" name="draw" order="1" repeats="true"/>
            <event displayName="Any Key" enabled="true" id="2" name="event-key-any-press-release" order="2" repeats="true"/>
            <event displayName="Click" enabled="true" id="3" name="event-mouse-press-release" order="3" repeats="true"/>
        </events>
    </snippet>
    <snippet attachedevent="true" class="scripts.SceneEvents_4" classname="scripts.SceneEvents_4" desc="Scene Specific Events" description="Scene Specific Events" design="true" drawOrder="0" id="38" name="SceneEvents_4" oid="-1" package="scripts." sceneid="4" shared="false" type="scene">
        <blocks/>
        <events>
            <event displayName="Drawing" enabled="true" id="1" name="draw" order="1" repeats="true"/>
            <event displayName="Click" enabled="true" id="2" name="event-mouse-press-release" order="2" repeats="true"/>
            <event displayName="Any Key" enabled="true" id="3" name="event-key-any-press-release" order="3" repeats="true"/>
        </events>
    </snippet>
</pack>
